code,datetime,pre_close,open,high,low,close,change,pct_chg,volume,amount
516510.SH,20240926,0.777,0.776,0.811,0.773,0.81,0.033,4.2471,780473.6,61737.951
516510.SH,20240925,0.773,0.78,0.799,0.776,0.777,0.004,0.5175,717772.69,56541.085
516510.SH,20240924,0.743,0.749,0.774,0.735,0.773,0.03,4.0377,863605,64914.189
516510.SH,20240923,0.742,0.743,0.755,0.742,0.743,0.001,0.1348,422696,31622.997
516510.SH,20240920,0.738,0.738,0.747,0.737,0.742,0.004,0.542,610301,45306.959
516510.SH,20240919,0.726,0.728,0.742,0.718,0.738,0.012,1.6529,512163,37465.138
516510.SH,20240918,0.728,0.723,0.731,0.715,0.726,-0.002,-0.2747,410706,29674.442
516510.SH,20240913,0.729,0.729,0.735,0.727,0.728,-0.001,-0.1372,421207,30774.129
516510.SH,20240912,0.73,0.736,0.743,0.728,0.729,-0.001,-0.137,632608,46520.346
516510.SH,20240911,0.726,0.726,0.732,0.722,0.73,0.004,0.551,725113,52807.669
516510.SH,20240910,0.708,0.712,0.734,0.702,0.726,0.018,2.5424,1003782,72050.917
516510.SH,20240909,0.711,0.705,0.713,0.703,0.708,-0.003,-0.4219,407697,28865.86
516510.SH,20240906,0.725,0.73,0.73,0.709,0.711,-0.014,-1.931,596826,42810.463
516510.SH,20240905,0.717,0.717,0.734,0.717,0.725,0.008,1.1158,426625,30972.008
516510.SH,20240904,0.721,0.713,0.725,0.71,0.717,-0.004,-0.5548,363109,26041.144
516510.SH,20240903,0.709,0.71,0.722,0.709,0.721,0.012,1.6925,451185,32350.438
516510.SH,20240902,0.737,0.734,0.737,0.708,0.709,-0.028,-3.7992,547896,39429.524
516510.SH,20240830,0.718,0.717,0.745,0.717,0.737,0.019,2.6462,850042,62802.258
516510.SH,20240829,0.714,0.71,0.722,0.703,0.718,0.004,0.5602,331163,23613.409
516510.SH,20240828,0.712,0.71,0.717,0.704,0.714,0.002,0.2809,375758,26706.258
516510.SH,20240827,0.723,0.719,0.724,0.71,0.712,-0.011,-1.5214,304186.09,21756.312
516510.SH,20240826,0.726,0.728,0.729,0.719,0.723,-0.003,-0.4132,264689,19184.246
516510.SH,20240823,0.719,0.714,0.729,0.714,0.726,0.007,0.9736,349402.04,25304.912
516510.SH,20240822,0.732,0.731,0.741,0.718,0.719,-0.013,-1.776,441280,32131.868
516510.SH,20240821,0.736,0.731,0.742,0.73,0.732,-0.004,-0.5435,345359.69,25378.698
516510.SH,20240820,0.752,0.754,0.754,0.734,0.736,-0.016,-2.1277,432125,31997.537
516510.SH,20240819,0.744,0.745,0.759,0.744,0.752,0.008,1.0753,343015,25806.85
516510.SH,20240816,0.744,0.747,0.751,0.743,0.744,0,0,335172,25030.917
516510.SH,20240815,0.738,0.737,0.753,0.733,0.744,0.006,0.813,463947,34468.561
516510.SH,20240814,0.744,0.747,0.748,0.738,0.738,-0.006,-0.8065,338301,25096.774
516510.SH,20240813,0.74,0.739,0.745,0.734,0.744,0.004,0.5405,353577,26182.762
516510.SH,20240812,0.747,0.744,0.747,0.736,0.74,-0.007,-0.9371,409303,30335.697
516510.SH,20240809,0.752,0.758,0.761,0.747,0.747,-0.005,-0.6649,438246,33045.674
516510.SH,20240808,0.758,0.752,0.76,0.741,0.752,-0.006,-0.7916,462807,34694.692
516510.SH,20240807,0.763,0.765,0.769,0.757,0.758,-0.005,-0.6553,457885,34967.98
516510.SH,20240806,0.753,0.763,0.771,0.754,0.763,0.01,1.328,506544,38600.032
516510.SH,20240805,0.782,0.77,0.787,0.752,0.753,-0.029,-3.7084,705832,54345.352
516510.SH,20240802,0.803,0.79,0.801,0.78,0.782,-0.021,-2.6152,474582,37504.729
516510.SH,20240801,0.809,0.814,0.816,0.799,0.803,-0.006,-0.7417,565934,45630.81
516510.SH,20240731,0.777,0.773,0.809,0.773,0.809,0.032,4.1184,704271,56040.566
516510.SH,20240730,0.777,0.771,0.781,0.767,0.777,0,0,399842.78,30929.564
516510.SH,20240729,0.777,0.778,0.785,0.773,0.777,0,0,375893,29270.404
516510.SH,20240726,0.774,0.773,0.782,0.768,0.777,0.003,0.3876,389825,30220.695
516510.SH,20240725,0.78,0.772,0.783,0.767,0.774,-0.006,-0.7692,520100,40248.888
516510.SH,20240724,0.789,0.783,0.796,0.777,0.78,-0.009,-1.1407,488564.49,38462.015
516510.SH,20240723,0.81,0.813,0.813,0.788,0.789,-0.021,-2.5926,549064.67,43927.749
516510.SH,20240722,0.8,0.805,0.816,0.803,0.81,0.01,1.25,664905,53872.056
516510.SH,20240719,0.791,0.786,0.806,0.783,0.8,0.009,1.1378,771790,61455.081
516510.SH,20240718,0.795,0.783,0.792,0.771,0.791,-0.004,-0.5031,915458.23,71407.635
516510.SH,20240717,0.801,0.799,0.811,0.794,0.795,-0.006,-0.7491,658704,52821.115
516510.SH,20240716,0.784,0.782,0.805,0.778,0.801,0.017,2.1684,785621.71,62207.036
516510.SH,20240715,0.796,0.793,0.793,0.78,0.784,-0.012,-1.5075,568031,44599.809
516510.SH,20240712,0.808,0.8,0.801,0.794,0.796,-0.012,-1.4851,500709,39918.603
516510.SH,20240711,0.798,0.81,0.812,0.798,0.808,0.01,1.2531,844079,68045.24
516510.SH,20240710,0.8,0.795,0.804,0.79,0.798,-0.002,-0.25,504688.69,40339.932
516510.SH,20240709,0.778,0.774,0.801,0.772,0.8,0.022,2.8278,887799.69,69847.573
516510.SH,20240708,0.802,0.798,0.798,0.775,0.778,-0.024,-2.9925,584603.99,45855.378
516510.SH,20240705,0.796,0.793,0.806,0.788,0.802,0.006,0.7538,686535.25,54701.451
516510.SH,20240704,0.81,0.817,0.817,0.795,0.796,-0.014,-1.7284,750026,60406.137
516510.SH,20240703,0.826,0.826,0.826,0.808,0.81,-0.016,-1.937,598091,48580.05
516510.SH,20240702,0.826,0.825,0.839,0.822,0.826,0,0,677725,56279.262
516510.SH,20240701,0.823,0.82,0.829,0.808,0.826,0.003,0.3645,685591,56041.43
516510.SH,20240628,0.829,0.828,0.843,0.82,0.823,-0.006,-0.7238,763780.6,63668.085
516510.SH,20240627,0.848,0.839,0.844,0.828,0.829,-0.019,-2.2406,787180.91,65825.679
516510.SH,20240626,0.806,0.809,0.851,0.806,0.848,0.042,5.2109,1004180.74,83082.033
516510.SH,20240625,0.827,0.822,0.828,0.799,0.806,-0.021,-2.5393,856090.71,69549.863
516510.SH,20240624,0.855,0.85,0.852,0.825,0.827,-0.028,-3.2749,693884.22,58228.738
516510.SH,20240621,0.852,0.843,0.857,0.84,0.855,0.003,0.3521,578399,49082.666
516510.SH,20240620,0.873,0.868,0.872,0.851,0.852,-0.021,-2.4055,1010679,86925.331
516510.SH,20240619,0.882,0.886,0.887,0.873,0.873,-0.009,-1.0204,615217,54010.335
516510.SH,20240618,0.865,0.863,0.889,0.861,0.882,0.017,1.9653,1006464,88645.165
516510.SH,20240617,0.873,0.871,0.872,0.862,0.865,-0.008,-0.9164,810478.89,70245.307
516510.SH,20240614,0.85,0.85,0.882,0.846,0.873,0.023,2.7059,1134689.89,98275.093
516510.SH,20240613,0.842,0.845,0.854,0.838,0.85,0.008,0.9501,679545.23,57533.759
516510.SH,20240612,0.836,0.836,0.847,0.833,0.842,0.006,0.7177,511323,43059.332
516510.SH,20240611,0.823,0.818,0.838,0.816,0.836,0.013,1.5796,804276,66648.125
516510.SH,20240607,0.834,0.837,0.838,0.818,0.823,-0.011,-1.3189,825223.84,68330.894
516510.SH,20240606,0.842,0.848,0.852,0.831,0.834,-0.008,-0.9501,788435,66415.292
516510.SH,20240605,0.849,0.848,0.856,0.841,0.842,-0.007,-0.8245,662903,56251.489
516510.SH,20240604,0.844,0.841,0.85,0.836,0.849,0.005,0.5924,704384.88,59367.384
516510.SH,20240603,0.834,0.833,0.849,0.831,0.844,0.01,1.199,974270,81899.1
516510.SH,20240531,0.828,0.828,0.844,0.823,0.834,0.006,0.7246,816865,68290.119
516510.SH,20240530,0.828,0.824,0.834,0.815,0.828,0,0,700133,57764.308
516510.SH,20240529,0.831,0.835,0.842,0.824,0.828,-0.003,-0.361,602557,50218.19
516510.SH,20240528,0.851,0.843,0.853,0.83,0.831,-0.02,-2.3502,812862,68043.783
516510.SH,20240527,0.842,0.844,0.853,0.832,0.851,0.009,1.0689,959736.88,80859.791
516510.SH,20240524,0.865,0.864,0.874,0.84,0.842,-0.023,-2.659,2321286.74,197796.735
516510.SH,20240523,0.885,0.894,0.895,0.862,0.865,-0.02,-2.2599,1239140,108057.43
516510.SH,20240522,0.884,0.882,0.886,0.872,0.885,0.001,0.1131,1041517,91744.126
516510.SH,20240521,0.891,0.886,0.894,0.882,0.884,-0.007,-0.7856,653980,57921.074
516510.SH,20240520,0.875,0.872,0.892,0.863,0.891,0.016,1.8286,1259098,111354.897
516510.SH,20240517,0.863,0.858,0.876,0.852,0.875,0.012,1.3905,947996,81864.89
516510.SH,20240516,0.852,0.858,0.874,0.857,0.863,0.011,1.2911,1311045.13,113597.614
516510.SH,20240515,0.86,0.861,0.864,0.85,0.852,-0.008,-0.9302,981964,84206.604
516510.SH,20240514,0.858,0.863,0.869,0.85,0.86,0.002,0.2331,773359,66424.893
516510.SH,20240513,0.87,0.863,0.872,0.855,0.858,-0.012,-1.3793,857457,73911.43
516510.SH,20240510,0.886,0.881,0.885,0.865,0.87,-0.016,-1.8059,966738.76,84167.21
516510.SH,20240509,0.875,0.875,0.887,0.874,0.886,0.011,1.2571,949394.88,83583.974
516510.SH,20240508,0.896,0.888,0.895,0.874,0.875,-0.021,-2.3438,904917,79636.606
516510.SH,20240507,0.908,0.908,0.917,0.889,0.896,-0.012,-1.3216,1036110,93361.333
516510.SH,20240506,0.906,0.926,0.928,0.903,0.908,0.002,0.2208,1001558,91576.797
516510.SH,20240430,0.913,0.915,0.92,0.896,0.906,-0.007,-0.7667,1249177,113173.577
516510.SH,20240429,0.89,0.905,0.919,0.897,0.913,0.023,2.5843,1620677,147255.909
516510.SH,20240426,0.852,0.86,0.895,0.86,0.89,0.038,4.4601,1889695,166667.385
516510.SH,20240425,0.863,0.854,0.863,0.85,0.852,-0.011,-1.2746,1103380.71,94244.822
516510.SH,20240424,0.824,0.83,0.865,0.828,0.863,0.039,4.733,1238153.92,105301.896
516510.SH,20240423,0.825,0.827,0.835,0.819,0.824,-0.001,-0.1212,681405.78,56214.925
516510.SH,20240422,0.839,0.811,0.83,0.798,0.825,-0.014,-1.6687,932164.02,76223.438
516510.SH,20240419,0.86,0.852,0.858,0.831,0.839,-0.021,-2.4419,956044.55,80478.177
516510.SH,20240418,0.867,0.859,0.876,0.848,0.86,-0.007,-0.8074,1790466,154297.097
516510.SH,20240417,0.832,0.839,0.868,0.839,0.867,0.035,4.2067,1080850.37,92786.972
516510.SH,20240416,0.859,0.853,0.858,0.83,0.832,-0.027,-3.1432,901792.14,76005.302
516510.SH,20240415,0.856,0.852,0.869,0.845,0.859,0.003,0.3505,924823.13,79265.692
516510.SH,20240412,0.854,0.856,0.872,0.854,0.856,0.002,0.2342,1059107.59,91303.658
516510.SH,20240411,0.846,0.846,0.868,0.845,0.854,0.008,0.9456,1074847.45,92296.099
516510.SH,20240410,0.871,0.867,0.87,0.841,0.846,-0.025,-2.8703,1004742.75,85491.258
516510.SH,20240409,0.868,0.865,0.873,0.856,0.871,0.003,0.3456,907859.01,78389.892
516510.SH,20240408,0.873,0.867,0.883,0.863,0.868,-0.005,-0.5727,851039,74212.864
516510.SH,20240403,0.901,0.898,0.898,0.87,0.873,-0.028,-3.1077,1392719.48,122097.183
516510.SH,20240402,0.922,0.92,0.92,0.895,0.901,-0.021,-2.2777,1244786,112517.649
516510.SH,20240401,0.9,0.9,0.924,0.9,0.922,0.022,2.4444,1522997.58,139215.076
516510.SH,20240329,0.91,0.905,0.905,0.882,0.9,-0.01,-1.0989,1194726,106610.681
516510.SH,20240328,0.869,0.869,0.915,0.868,0.91,0.041,4.7181,1933463.33,173923.244
516510.SH,20240327,0.913,0.908,0.913,0.868,0.869,-0.044,-4.8193,1472858.35,130625.248
516510.SH,20240326,0.943,0.937,0.955,0.907,0.913,-0.03,-3.1813,1599884.38,148911.597
516510.SH,20240325,0.975,0.978,0.98,0.941,0.943,-0.032,-3.2821,1069560,103043.297
516510.SH,20240322,0.973,0.97,0.986,0.955,0.975,0.002,0.2055,1735109.71,168564.283
516510.SH,20240321,0.977,0.981,0.999,0.972,0.973,-0.004,-0.4094,1073462.21,105731.215
516510.SH,20240320,0.96,0.954,0.978,0.954,0.977,0.017,1.7708,1204970,116965.614
516510.SH,20240319,0.97,0.97,0.971,0.957,0.96,-0.01,-1.0309,1013795,97704.414
516510.SH,20240318,0.949,0.951,0.972,0.948,0.97,0.021,2.2129,1203454.21,115846.215
516510.SH,20240315,0.936,0.929,0.951,0.919,0.949,0.013,1.3889,1382875.81,129250.083
516510.SH,20240314,0.945,0.931,0.945,0.923,0.936,-0.009,-0.9524,1177262,109995.811
516510.SH,20240313,0.938,0.948,0.96,0.938,0.945,0.007,0.7463,1471978,139782.064
516510.SH,20240312,0.945,0.943,0.952,0.926,0.938,-0.007,-0.7407,1357203.04,127166.701
516510.SH,20240311,0.934,0.914,0.946,0.91,0.945,0.011,1.1777,1834528,169818.567
516510.SH,20240308,0.916,0.92,0.94,0.907,0.934,0.018,1.9651,1623350.04,149770.852
516510.SH,20240307,0.94,0.942,0.953,0.913,0.916,-0.024,-2.5532,1544695.49,143657.976
516510.SH,20240306,0.948,0.937,0.953,0.924,0.94,-0.008,-0.8439,1579364.02,148178.638
516510.SH,20240305,0.96,0.943,0.974,0.94,0.948,-0.012,-1.25,2171540.85,207352.18
516510.SH,20240304,0.954,0.971,0.972,0.937,0.96,0.006,0.6289,3143355,300852.653
516510.SH,20240301,0.906,0.906,0.957,0.9,0.954,0.048,5.298,2669024.38,249724.071
516510.SH,20240229,0.869,0.862,0.907,0.861,0.906,0.037,4.2578,1905318,170187.441
516510.SH,20240228,0.914,0.921,0.937,0.866,0.869,-0.045,-4.9234,2348483.19,213170.019
516510.SH,20240227,0.859,0.849,0.915,0.846,0.914,0.055,6.4028,1864011.3,166103.922
516510.SH,20240226,0.852,0.85,0.868,0.842,0.859,0.007,0.8216,980343,84128.247
516510.SH,20240223,0.849,0.857,0.865,0.842,0.852,0.003,0.3534,1189475.76,101144.048
516510.SH,20240222,0.815,0.838,0.857,0.835,0.849,0.034,4.1718,1742932.76,147194.709
516510.SH,20240221,0.825,0.808,0.839,0.806,0.815,-0.01,-1.2121,1601736.46,131410.696
516510.SH,20240220,0.835,0.827,0.828,0.812,0.825,-0.01,-1.1976,865924.46,71141.157
516510.SH,20240219,0.781,0.814,0.836,0.799,0.835,0.054,6.9142,1410893.62,115237.216
516510.SH,20240208,0.752,0.758,0.793,0.758,0.781,0.029,3.8564,803945.37,62631.101
516510.SH,20240207,0.736,0.734,0.762,0.732,0.752,0.016,2.1739,1111955.46,83356.747
516510.SH,20240206,0.679,0.666,0.738,0.666,0.736,0.057,8.3947,1101156.61,77967.612
516510.SH,20240205,0.706,0.698,0.711,0.657,0.679,-0.027,-3.8244,1071885,73504.204
516510.SH,20240202,0.73,0.728,0.742,0.682,0.706,-0.024,-3.2877,1643880.51,117700.222
516510.SH,20240201,0.716,0.709,0.753,0.703,0.73,0.014,1.9553,1059197,77090.596
516510.SH,20240131,0.754,0.749,0.749,0.716,0.716,-0.038,-5.0398,889836.16,65513.749
516510.SH,20240130,0.768,0.762,0.78,0.751,0.754,-0.014,-1.8229,1619980,124908.69
516510.SH,20240129,0.802,0.798,0.8,0.766,0.768,-0.034,-4.2394,800271,62240.787
516510.SH,20240126,0.816,0.814,0.82,0.799,0.802,-0.014,-1.7157,753873,61071.136
516510.SH,20240125,0.791,0.79,0.817,0.78,0.816,0.025,3.1606,940416,75235.364
516510.SH,20240124,0.786,0.787,0.794,0.76,0.791,0.005,0.6361,965102.38,75088.631
516510.SH,20240123,0.76,0.754,0.789,0.752,0.786,0.026,3.4211,1062806,82111.491
516510.SH,20240122,0.787,0.791,0.796,0.75,0.76,-0.027,-3.4307,781842,60757.798
516510.SH,20240119,0.802,0.8,0.804,0.787,0.787,-0.015,-1.8703,632457.4,50381.142
516510.SH,20240118,0.78,0.774,0.805,0.769,0.802,0.022,2.8205,1207280.14,94481.029
516510.SH,20240117,0.796,0.797,0.803,0.78,0.78,-0.016,-2.0101,687904,54628.928
516510.SH,20240116,0.8,0.798,0.798,0.781,0.796,-0.004,-0.5,1164620,92160.313
516510.SH,20240115,0.807,0.801,0.811,0.797,0.8,-0.007,-0.8674,664056,53331.074
516510.SH,20240112,0.825,0.822,0.822,0.806,0.807,-0.018,-2.1818,700453,57011.354
516510.SH,20240111,0.8,0.799,0.826,0.799,0.825,0.025,3.125,855375.94,69838.094
516510.SH,20240110,0.814,0.811,0.816,0.794,0.8,-0.014,-1.7199,694440,55785.874
516510.SH,20240109,0.817,0.823,0.83,0.808,0.814,-0.003,-0.3672,671056,55138.284
516510.SH,20240108,0.842,0.841,0.841,0.815,0.817,-0.025,-2.9691,647506,53650.997
516510.SH,20240105,0.863,0.864,0.869,0.838,0.842,-0.021,-2.4334,852792,72686.137
516510.SH,20240104,0.871,0.871,0.871,0.859,0.863,-0.008,-0.9185,660129,57049.798
516510.SH,20240103,0.895,0.89,0.894,0.865,0.871,-0.024,-2.6816,1050840,92214.181
516510.SH,20240102,0.915,0.914,0.915,0.894,0.895,-0.02,-2.1858,664043,59927.389
516510.SH,20231229,0.902,0.901,0.916,0.899,0.915,0.013,1.4412,796767,72605.232
516510.SH,20231228,0.879,0.874,0.906,0.869,0.902,0.023,2.6166,843068.75,74878.867
516510.SH,20231227,0.873,0.875,0.886,0.874,0.879,0.006,0.6873,693856.29,61039.237
516510.SH,20231226,0.894,0.89,0.892,0.865,0.873,-0.021,-2.349,712403.23,62260.301
516510.SH,20231225,0.893,0.889,0.904,0.886,0.894,0.001,0.112,559832.8,50130.293
516510.SH,20231222,0.919,0.913,0.919,0.89,0.893,-0.026,-2.8292,1384030,125040.872
516510.SH,20231221,0.905,0.897,0.929,0.897,0.919,0.014,1.547,993392,90567.868
516510.SH,20231220,0.94,0.942,0.942,0.905,0.905,-0.035,-3.7234,1093225,100326.199
516510.SH,20231219,0.932,0.929,0.944,0.924,0.94,0.008,0.8584,820077,76687.713
516510.SH,20231218,0.945,0.938,0.951,0.93,0.932,-0.013,-1.3757,940397.94,88342.6
516510.SH,20231215,0.958,0.961,0.963,0.942,0.945,-0.013,-1.357,1028480,97735.425
516510.SH,20231214,0.964,0.968,0.98,0.957,0.958,-0.006,-0.6224,855788,82791.633
516510.SH,20231213,0.978,0.978,0.983,0.963,0.964,-0.014,-1.4315,1080477,105279.828
516510.SH,20231212,0.986,0.983,0.988,0.971,0.978,-0.008,-0.8114,1094780.75,107242.281
516510.SH,20231211,0.97,0.961,0.987,0.951,0.986,0.016,1.6495,1815409.88,175720.918
516510.SH,20231208,0.934,0.935,0.976,0.935,0.97,0.036,3.8544,1754319,168476.94
516510.SH,20231207,0.917,0.915,0.941,0.915,0.934,0.017,1.8539,1214022,112527.701
516510.SH,20231206,0.912,0.908,0.927,0.901,0.917,0.005,0.5482,982150,89705.158
516510.SH,20231205,0.949,0.942,0.944,0.91,0.912,-0.037,-3.8988,1063741.66,98601.603
516510.SH,20231204,0.943,0.94,0.963,0.94,0.949,0.006,0.6363,1260215.82,120190.534
516510.SH,20231201,0.909,0.909,0.949,0.907,0.943,0.034,3.7404,1291943.51,119456.904
516510.SH,20231130,0.914,0.907,0.918,0.902,0.909,-0.005,-0.547,701282,63901.503
516510.SH,20231129,0.924,0.92,0.926,0.911,0.914,-0.01,-1.0823,736555,67621.092
516510.SH,20231128,0.926,0.92,0.928,0.915,0.924,-0.002,-0.216,740545,68263.137
516510.SH,20231127,0.923,0.917,0.934,0.915,0.926,0.003,0.325,902341,83546.353
516510.SH,20231124,0.953,0.954,0.955,0.92,0.923,-0.03,-3.148,1417065.79,131824.2
516510.SH,20231123,0.944,0.94,0.954,0.928,0.953,0.009,0.9534,943565.41,88725.5
516510.SH,20231122,0.961,0.956,0.966,0.942,0.944,-0.017,-1.769,1108426,105934.646
516510.SH,20231121,0.977,0.98,0.98,0.957,0.961,-0.016,-1.6377,931580.23,90316.41
516510.SH,20231120,0.967,0.962,0.985,0.957,0.977,0.01,1.0341,1166713.16,113134.009
516510.SH,20231117,0.958,0.952,0.969,0.952,0.967,0.009,0.9395,882587.16,84699.46
516510.SH,20231116,0.965,0.961,0.974,0.957,0.958,-0.007,-0.7254,899857.54,86898.261
516510.SH,20231115,0.971,0.989,0.989,0.962,0.965,-0.006,-0.6179,1055322.45,102575.145
516510.SH,20231114,0.963,0.964,0.978,0.96,0.971,0.008,0.8307,1121489.25,108692.289
516510.SH,20231113,0.935,0.944,0.972,0.944,0.963,0.028,2.9947,1310589.49,126033.454
516510.SH,20231110,0.948,0.94,0.948,0.933,0.935,-0.013,-1.3713,771416,72452.123
516510.SH,20231109,0.942,0.943,0.957,0.933,0.948,0.006,0.6369,996335,94219.084
516510.SH,20231108,0.936,0.934,0.955,0.93,0.942,0.006,0.641,1203496.66,113525.274
516510.SH,20231107,0.912,0.918,0.94,0.908,0.936,0.024,2.6316,1270135.66,116999.909
516510.SH,20231106,0.885,0.889,0.913,0.888,0.912,0.027,3.0508,1218001.55,110098.956
516510.SH,20231103,0.861,0.864,0.887,0.862,0.885,0.024,2.7875,1215468,106562.234
516510.SH,20231102,0.871,0.872,0.879,0.86,0.861,-0.01,-1.1481,851085.54,74019.979
516510.SH,20231101,0.877,0.879,0.885,0.87,0.871,-0.006,-0.6842,729609,63961.885
516510.SH,20231031,0.887,0.886,0.888,0.869,0.877,-0.01,-1.1274,1048953,91892.758
516510.SH,20231030,0.874,0.868,0.89,0.866,0.887,0.013,1.4874,918911,80767.115
516510.SH,20231027,0.878,0.871,0.878,0.857,0.874,-0.004,-0.4556,1102180,95527.068
516510.SH,20231026,0.869,0.862,0.878,0.858,0.878,0.009,1.0357,714422,62024.031
516510.SH,20231025,0.868,0.87,0.889,0.864,0.869,0.001,0.1152,764835,67095.761
516510.SH,20231024,0.866,0.874,0.882,0.855,0.868,0.002,0.2309,801724,69516.948
516510.SH,20231023,0.887,0.887,0.89,0.857,0.866,-0.021,-2.3675,996786.92,86725.901
516510.SH,20231020,0.916,0.91,0.916,0.886,0.887,-0.029,-3.1659,729479.95,65552.835
516510.SH,20231019,0.929,0.92,0.942,0.915,0.916,-0.013,-1.3994,736187.49,68726.233
516510.SH,20231018,0.95,0.938,0.942,0.91,0.929,-0.021,-2.2105,805478.06,74205.458
516510.SH,20231017,0.952,0.953,0.959,0.941,0.95,-0.002,-0.2101,590595.55,56022.081
516510.SH,20231016,0.965,0.961,0.968,0.948,0.952,-0.013,-1.3472,665482.63,63770.372
516510.SH,20231013,0.986,0.976,0.981,0.961,0.965,-0.021,-2.1298,664299,64497.042
516510.SH,20231012,0.996,0.999,1,0.978,0.986,-0.01,-1.004,749678,73955.798
516510.SH,20231011,0.978,0.976,1.007,0.972,0.996,0.018,1.8405,831316,82462.52
516510.SH,20231010,0.975,0.975,0.987,0.973,0.978,0.003,0.3077,809153.2,79179.036
516510.SH,20231009,0.974,0.975,0.98,0.964,0.975,0.001,0.1027,717245.2,69763.418
516510.SH,20230928,0.969,0.971,0.98,0.966,0.974,0.005,0.516,860530,83651.506
516510.SH,20230927,0.971,0.963,0.976,0.961,0.969,-0.002,-0.206,691034,66981.889
516510.SH,20230926,0.96,0.956,0.986,0.956,0.971,0.011,1.1458,749634.29,72990.403
516510.SH,20230925,0.976,0.977,0.977,0.957,0.96,-0.016,-1.6393,758876,73237.344
516510.SH,20230922,0.933,0.931,0.979,0.929,0.976,0.043,4.6088,1170275.19,112134.175
516510.SH,20230921,0.934,0.924,0.943,0.924,0.933,-0.001,-0.1071,817441.02,76474.191
516510.SH,20230920,0.933,0.932,0.949,0.932,0.934,0.001,0.1072,655538.11,61728.342
516510.SH,20230919,0.95,0.949,0.949,0.931,0.933,-0.017,-1.7895,608284.22,56979.881
516510.SH,20230918,0.956,0.95,0.963,0.948,0.95,-0.006,-0.6276,602064.51,57492.467
516510.SH,20230915,0.969,0.971,0.971,0.95,0.956,-0.013,-1.3416,714200,68619.061
516510.SH,20230914,0.976,0.977,0.982,0.962,0.969,-0.007,-0.7172,586782.5,57088.368
516510.SH,20230913,1.006,0.998,1.006,0.969,0.976,-0.03,-2.9821,767894.54,75460.977
516510.SH,20230912,1.007,1.004,1.015,1,1.006,-0.001,-0.0993,667835,67283.209
516510.SH,20230911,0.984,0.98,1.024,0.979,1.007,0.023,2.3374,954403.59,95182.028
516510.SH,20230908,0.991,0.982,0.993,0.975,0.984,-0.007,-0.7064,757476,74575.899
516510.SH,20230907,1.011,1.006,1.012,0.989,0.991,-0.02,-1.9782,829365,82930.414
516510.SH,20230906,1.012,1.008,1.015,0.992,1.011,-0.001,-0.0988,706661,70956.936
516510.SH,20230905,1.03,1.026,1.031,1.01,1.012,-0.018,-1.7476,591327,60256.115
516510.SH,20230904,1.013,1.021,1.031,1.007,1.03,0.017,1.6782,786780.25,79925.3
516510.SH,20230901,1.025,1.025,1.025,1.007,1.013,-0.012,-1.1707,643974.97,65374.061
516510.SH,20230831,1.026,1.024,1.035,1.017,1.025,-0.001,-0.0975,864070,88530.789
516510.SH,20230830,1.001,1.002,1.033,1.002,1.026,0.025,2.4975,932061,95140.282
516510.SH,20230829,0.962,0.962,1.006,0.958,1.001,0.039,4.0541,1071792,105513.371
516510.SH,20230828,0.953,1.003,1.012,0.958,0.962,0.009,0.9444,1240057.05,121839.936
516510.SH,20230825,1.007,0.992,0.992,0.945,0.953,-0.054,-5.3625,1547981.84,149697.869
516510.SH,20230824,1.009,1.02,1.025,1.005,1.007,-0.002,-0.1982,1049558,106480.412
516510.SH,20230823,1.05,1.044,1.044,1.008,1.009,-0.041,-3.9048,1006770.26,103150.394
516510.SH,20230822,1.02,1.034,1.051,1.016,1.05,0.03,2.9412,1379257.23,142536.635
516510.SH,20230821,1.02,1.016,1.042,1.015,1.02,0,0,1000110.51,102968.519
516510.SH,20230818,1.056,1.054,1.064,1.019,1.02,-0.036,-3.4091,1410952,146792.583
516510.SH,20230817,1.045,1.04,1.061,1.033,1.056,0.011,1.0526,883203,92486.223
516510.SH,20230816,1.088,1.081,1.087,1.043,1.045,-0.043,-3.9522,1086430.51,115104.922
516510.SH,20230815,1.106,1.105,1.111,1.076,1.088,-0.018,-1.6275,1114600,122106.837
516510.SH,20230814,1.078,1.067,1.107,1.06,1.106,0.028,2.5974,1378083.84,149493.767
516510.SH,20230811,1.104,1.104,1.112,1.077,1.078,-0.026,-2.3551,905124.8,99032.654
516510.SH,20230810,1.11,1.105,1.114,1.095,1.104,-0.006,-0.5405,966131,106690.542
516510.SH,20230809,1.133,1.125,1.143,1.109,1.11,-0.023,-2.03,1171830.84,131992.594
516510.SH,20230808,1.149,1.146,1.154,1.132,1.133,-0.016,-1.3925,1467964,168179.679
516510.SH,20230807,1.147,1.153,1.165,1.142,1.149,0.002,0.1744,1683821.03,194444.975
516510.SH,20230804,1.117,1.119,1.154,1.117,1.147,0.03,2.6858,1216527.1,138432.338
516510.SH,20230803,1.12,1.112,1.125,1.107,1.117,-0.003,-0.2679,860208,95803.791
516510.SH,20230802,1.117,1.111,1.123,1.107,1.12,0.003,0.2686,806516,89912.523
516510.SH,20230801,1.108,1.1,1.124,1.089,1.117,0.009,0.8123,1245676.1,137747.455
516510.SH,20230731,1.1,1.093,1.118,1.089,1.108,0.008,0.7273,1188586,131601.983
516510.SH,20230728,1.082,1.077,1.105,1.075,1.1,0.018,1.6636,1630795,178112.41
516510.SH,20230727,1.095,1.094,1.099,1.078,1.082,-0.013,-1.1872,1240294.48,134821.456
516510.SH,20230726,1.121,1.115,1.117,1.089,1.095,-0.026,-2.3194,1168002.22,128092.191
516510.SH,20230725,1.099,1.116,1.131,1.101,1.121,0.022,2.0018,1258217.75,140432.237
516510.SH,20230724,1.093,1.086,1.122,1.082,1.099,0.006,0.5489,1306111,143774.706
516510.SH,20230721,1.099,1.094,1.106,1.082,1.093,-0.006,-0.546,1174464.26,128562.33
516510.SH,20230720,1.149,1.144,1.145,1.098,1.099,-0.05,-4.3516,1184896,132771.415
516510.SH,20230719,1.151,1.155,1.172,1.142,1.149,-0.002,-0.1738,902118,104162.529
516510.SH,20230718,1.173,1.169,1.175,1.147,1.151,-0.022,-1.8755,1021241.66,118474.759
516510.SH,20230717,1.168,1.167,1.189,1.16,1.173,0.005,0.4281,800586,94090.245
516510.SH,20230714,1.137,1.14,1.185,1.14,1.168,0.031,2.7265,1460001,169976.627
516510.SH,20230713,1.12,1.121,1.144,1.109,1.137,0.017,1.5179,1225679.1,137924.793
516510.SH,20230712,1.162,1.154,1.162,1.115,1.12,-0.042,-3.6145,927555.27,105522.975
516510.SH,20230711,1.154,1.149,1.176,1.148,1.162,0.008,0.6932,944491,109770.217
516510.SH,20230710,1.164,1.162,1.168,1.145,1.154,-0.01,-0.8591,796784.61,91892.835
516510.SH,20230707,1.181,1.181,1.185,1.133,1.164,-0.017,-1.4395,1015366.61,117057.602
516510.SH,20230706,1.172,1.161,1.206,1.161,1.181,0.009,0.7679,915873.37,108916.779
516510.SH,20230705,1.2,1.2,1.205,1.171,1.172,-0.028,-2.3333,746905,88785.497
516510.SH,20230704,1.194,1.183,1.211,1.183,1.2,0.006,0.5025,818966,97963.014
516510.SH,20230703,1.206,1.2,1.206,1.154,1.194,-0.012,-0.995,1058060.55,124872.779
516510.SH,20230630,1.2,1.195,1.217,1.18,1.206,0.006,0.5,1027610,123052.399
516510.SH,20230629,1.193,1.191,1.208,1.175,1.2,0.007,0.5868,1282328.67,152790.831
516510.SH,20230628,1.243,1.226,1.234,1.162,1.193,-0.05,-4.0225,1667133.18,197964.628
516510.SH,20230627,1.238,1.234,1.259,1.223,1.243,0.005,0.4039,1330244.34,164921.278
516510.SH,20230626,1.322,1.29,1.315,1.233,1.238,-0.084,-6.354,1709580,217205.176
516510.SH,20230621,1.39,1.37,1.376,1.321,1.322,-0.068,-4.8921,1601312,215360.32
516510.SH,20230620,1.343,1.339,1.391,1.333,1.39,0.047,3.4996,1348554,184260.441
516510.SH,20230619,1.301,1.301,1.35,1.291,1.343,0.042,3.2283,1285477,170765.943
516510.SH,20230616,1.245,1.237,1.302,1.227,1.301,0.056,4.498,1384054,176590.961
516510.SH,20230615,1.261,1.261,1.27,1.242,1.245,-0.016,-1.2688,1308065,163895.911
516510.SH,20230614,1.245,1.248,1.274,1.231,1.261,0.016,1.2851,1602067,200814.115
516510.SH,20230613,1.211,1.203,1.258,1.191,1.245,0.034,2.8076,1821244,222397.445
516510.SH,20230612,1.207,1.207,1.225,1.202,1.211,0.004,0.3314,781526,94706.468
516510.SH,20230609,1.163,1.161,1.208,1.156,1.207,0.044,3.7833,1550514,183205.505
516510.SH,20230608,1.175,1.16,1.17,1.138,1.163,-0.012,-1.0213,1274903,147169.883
516510.SH,20230607,1.162,1.16,1.184,1.154,1.175,0.013,1.1188,959195.1,112491.163
516510.SH,20230606,1.198,1.197,1.205,1.154,1.162,-0.036,-3.005,1689648,199036.066
516510.SH,20230605,1.191,1.19,1.213,1.188,1.198,0.007,0.5877,1090745.62,130791.887
516510.SH,20230602,1.19,1.192,1.203,1.183,1.191,0.001,0.084,1158122,138003.8
516510.SH,20230601,1.166,1.154,1.212,1.151,1.19,0.024,2.0583,1583727.38,187789.192
516510.SH,20230531,1.15,1.151,1.169,1.14,1.166,0.016,1.3913,1671590.24,192933.821
516510.SH,20230530,1.1,1.096,1.153,1.087,1.15,0.05,4.5455,2009135.09,226069.293
516510.SH,20230529,1.096,1.105,1.119,1.096,1.1,0.004,0.365,2138982,237300.21
516510.SH,20230526,1.072,1.072,1.104,1.069,1.096,0.024,2.2388,1231378.1,134351.083
516510.SH,20230525,1.068,1.077,1.095,1.048,1.072,0.004,0.3745,859296,92127.009
516510.SH,20230524,1.071,1.063,1.086,1.056,1.068,-0.003,-0.2801,661357,70591.144
516510.SH,20230523,1.09,1.088,1.091,1.07,1.071,-0.019,-1.7431,842134.44,90834.225
516510.SH,20230522,1.107,1.103,1.111,1.077,1.09,-0.017,-1.5357,539093.57,58919.661
516510.SH,20230519,1.121,1.119,1.129,1.1,1.107,-0.014,-1.2489,758614,84471.897
516510.SH,20230518,1.068,1.072,1.124,1.07,1.121,0.053,4.9625,1015945.69,112446.491
516510.SH,20230517,1.056,1.046,1.078,1.046,1.068,0.012,1.1364,995973,105753.071
516510.SH,20230516,1.097,1.096,1.098,1.055,1.056,-0.041,-3.7375,671387.59,72057.419
516510.SH,20230515,1.094,1.093,1.103,1.06,1.097,0.003,0.2742,831957.15,89572.864
516510.SH,20230512,1.098,1.093,1.114,1.089,1.094,-0.004,-0.3643,624131.42,68577.92
516510.SH,20230511,1.124,1.125,1.137,1.095,1.098,-0.026,-2.3132,795458,88132.304
516510.SH,20230510,1.141,1.137,1.154,1.109,1.124,-0.017,-1.4899,912423,102984.023
516510.SH,20230509,1.151,1.147,1.175,1.135,1.141,-0.01,-0.8688,1146109,132540.416
516510.SH,20230508,1.116,1.118,1.158,1.106,1.151,0.035,3.1362,1734655.37,198338.096
516510.SH,20230505,1.129,1.126,1.138,1.1,1.116,-0.013,-1.1515,864719,97042.757
516510.SH,20230504,1.157,1.148,1.162,1.116,1.129,-0.028,-2.4201,930752,105172.599
516510.SH,20230428,1.1,1.096,1.162,1.096,1.157,0.057,5.1818,1246545.45,141879.717
516510.SH,20230427,1.136,1.114,1.141,1.082,1.1,-0.036,-3.169,1558872,172156.929
516510.SH,20230426,1.192,1.183,1.195,1.126,1.136,-0.056,-4.698,1329994,152894.317
516510.SH,20230425,1.198,1.189,1.215,1.169,1.192,-0.006,-0.5008,951517,113464.067
516510.SH,20230424,1.196,1.185,1.22,1.181,1.198,0.002,0.1672,1014762,121575.428
516510.SH,20230421,1.268,1.262,1.265,1.19,1.196,-0.072,-5.6782,1495680,182128.993
516510.SH,20230420,1.217,1.218,1.269,1.218,1.268,0.051,4.1906,876763.53,108975.162
516510.SH,20230419,1.215,1.2,1.251,1.2,1.217,0.002,0.1646,1725734.53,212951.423
516510.SH,20230418,1.184,1.175,1.226,1.165,1.215,0.031,2.6182,1401617.53,168429.741
516510.SH,20230417,1.196,1.192,1.199,1.167,1.184,-0.012,-1.0033,567050.7,66994.209
516510.SH,20230414,1.19,1.189,1.208,1.164,1.196,0.006,0.5042,1236060,147266.36
516510.SH,20230413,1.233,1.22,1.23,1.183,1.19,-0.043,-3.4874,877467,105939.705
516510.SH,20230412,1.204,1.196,1.25,1.194,1.233,0.029,2.4086,1083792,132940.61
516510.SH,20230411,1.177,1.172,1.21,1.172,1.204,0.027,2.294,1136087,135664.809
516510.SH,20230410,1.265,1.263,1.263,1.173,1.177,-0.088,-6.9565,1070294,130358.168
516510.SH,20230407,1.241,1.24,1.271,1.225,1.265,0.024,1.9339,928311,116092.114
516510.SH,20230406,1.267,1.231,1.267,1.222,1.241,-0.026,-2.0521,948824,118240.641
516510.SH,20230404,1.275,1.276,1.295,1.248,1.267,-0.008,-0.6275,998839,126770.946
516510.SH,20230403,1.189,1.199,1.278,1.199,1.275,0.086,7.233,1081581,133888.631
516510.SH,20230331,1.128,1.12,1.194,1.112,1.189,0.061,5.4078,1062928.12,123087.634
516510.SH,20230330,1.154,1.151,1.151,1.117,1.128,-0.026,-2.253,947397.71,107445.495
516510.SH,20230329,1.141,1.135,1.181,1.116,1.154,0.013,1.1394,756197.65,86729.152
516510.SH,20230328,1.154,1.148,1.168,1.13,1.141,-0.013,-1.1265,667961.66,76732.027
516510.SH,20230327,1.129,1.127,1.164,1.116,1.154,0.025,2.2143,1085939,124289.553
516510.SH,20230324,1.096,1.093,1.133,1.088,1.129,0.033,3.0109,643738,71225.936
516510.SH,20230323,1.051,1.045,1.1,1.042,1.096,0.045,4.2816,896215,96687.497
516510.SH,20230322,1.036,1.027,1.056,1.017,1.051,0.015,1.4479,655581,68241.113
516510.SH,20230321,1.019,1.019,1.038,1.005,1.036,0.017,1.6683,757575,77756.164
516510.SH,20230320,1.039,1.042,1.053,1.016,1.019,-0.02,-1.9249,677474.26,70359.963
516510.SH,20230317,0.993,1.002,1.048,1,1.039,0.046,4.6324,806006.5,82920.644
516510.SH,20230316,1,0.992,1.007,0.981,0.993,-0.007,-0.7,479310,47553.674
516510.SH,20230315,1.02,1.027,1.033,0.997,1,-0.02,-1.9608,537279,54349.13
516510.SH,20230314,1.035,1.031,1.031,1.007,1.02,-0.015,-1.4493,729171,74512.099
516510.SH,20230313,0.99,0.984,1.035,0.976,1.035,0.045,4.5455,676872,68552.367
516510.SH,20230310,0.999,0.989,1.006,0.982,0.99,-0.009,-0.9009,462272,46151.835
516510.SH,20230309,0.991,0.99,1.006,0.975,0.999,0.008,0.8073,576730,56961.796
516510.SH,20230308,0.975,0.975,0.992,0.972,0.991,0.016,1.641,491940,48295.151
516510.SH,20230307,1,1.001,1.004,0.971,0.975,-0.025,-2.5,606988,59925.172
516510.SH,20230306,1.003,1.003,1.008,0.993,1,-0.003,-0.2991,447832,44801.416
516510.SH,20230303,1.024,1.022,1.022,0.99,1.003,-0.021,-2.0508,595255,59729.972
516510.SH,20230302,1.018,1.013,1.031,1.006,1.024,0.006,0.5894,589245,60053.976
516510.SH,20230301,0.976,0.967,1.022,0.967,1.018,0.042,4.3033,697598,69638.992
516510.SH,20230228,0.952,0.969,0.99,0.959,0.976,0.024,2.521,639036,62279.347
516510.SH,20230227,0.961,0.952,0.965,0.949,0.952,-0.009,-0.9365,396666,37903.906
516510.SH,20230224,0.95,0.95,0.969,0.948,0.961,0.011,1.1579,461343,44247.345
516510.SH,20230223,0.973,0.972,0.972,0.943,0.95,-0.023,-2.3638,571217.95,54592.746
516510.SH,20230222,0.966,0.958,0.978,0.946,0.973,0.007,0.7246,590516.26,56885.86
516510.SH,20230221,0.972,0.968,0.986,0.958,0.966,-0.006,-0.6173,499436,48697.303
516510.SH,20230220,0.938,0.933,0.973,0.933,0.972,0.034,3.6247,503858,48166.241
516510.SH,20230217,0.989,0.985,0.985,0.937,0.938,-0.051,-5.1567,631800.5,60289.168
516510.SH,20230216,1.003,1.001,1.018,0.974,0.989,-0.014,-1.3958,622924,62110.028
516510.SH,20230215,0.965,0.968,1.004,0.964,1.003,0.038,3.9378,677335,66709.334
516510.SH,20230214,0.973,0.973,0.98,0.96,0.965,-0.008,-0.8222,452540,43723.047
516510.SH,20230213,0.955,0.953,0.973,0.931,0.973,0.018,1.8848,323595,31160.666
516510.SH,20230210,0.969,0.966,0.975,0.948,0.955,-0.014,-1.4448,449398,43262.141
516510.SH,20230209,0.943,0.936,0.97,0.926,0.969,0.026,2.7572,417061,39441.256
516510.SH,20230208,0.96,0.963,0.963,0.939,0.943,-0.017,-1.7708,327272,30963.578
516510.SH,20230207,0.957,0.957,0.962,0.943,0.96,0.003,0.3135,624286.6,59407.658
516510.SH,20230206,0.949,0.946,0.971,0.94,0.957,0.008,0.843,412523,39387.869
516510.SH,20230203,0.925,0.925,0.954,0.899,0.949,0.024,2.5946,793947.4,74581.404
516510.SH,20230202,0.929,0.931,0.945,0.922,0.925,-0.004,-0.4306,368353,34389.491
516510.SH,20230201,0.903,0.901,0.93,0.901,0.929,0.026,2.8793,390909,35851.306
516510.SH,20230131,0.924,0.921,0.924,0.902,0.903,-0.021,-2.2727,359444,32724.664
516510.SH,20230130,0.906,0.924,0.933,0.915,0.924,0.018,1.9868,354243,32653.164
516510.SH,20230120,0.902,0.902,0.917,0.897,0.906,0.004,0.4435,325797,29537.379
516510.SH,20230119,0.876,0.876,0.902,0.872,0.902,0.026,2.968,356506,31762.535
516510.SH,20230118,0.858,0.858,0.879,0.856,0.876,0.018,2.0979,290871,25291.089
516510.SH,20230117,0.859,0.862,0.869,0.854,0.858,-0.001,-0.1164,229989,19771.751
516510.SH,20230116,0.837,0.85,0.865,0.841,0.859,0.022,2.6284,346081,29683.572
516510.SH,20230113,0.839,0.839,0.84,0.83,0.837,-0.002,-0.2384,233031,19427.231
516510.SH,20230112,0.832,0.831,0.845,0.827,0.839,0.007,0.8413,362803,30309.147
516510.SH,20230111,0.847,0.845,0.846,0.83,0.832,-0.015,-1.771,410921,34433.745
516510.SH,20230110,0.85,0.85,0.859,0.843,0.847,-0.003,-0.3529,379489,32215.554
516510.SH,20230109,0.851,0.855,0.855,0.845,0.85,-0.001,-0.1175,292655,24893.624
516510.SH,20230106,0.859,0.86,0.86,0.848,0.851,-0.008,-0.9313,313961,26722.947
516510.SH,20230105,0.858,0.859,0.863,0.85,0.859,0.001,0.1166,273038,23350.857
516510.SH,20230104,0.845,0.847,0.86,0.844,0.858,0.013,1.5385,634243,53913.023
516510.SH,20230103,0.802,0.802,0.846,0.801,0.845,0.043,5.3616,424799,35329.499
516510.SH,20221230,0.795,0.795,0.809,0.795,0.802,0.007,0.8805,298734,23970.051
516510.SH,20221229,0.784,0.78,0.805,0.777,0.795,0.011,1.4031,315363,25108.147
516510.SH,20221228,0.792,0.791,0.794,0.783,0.784,-0.008,-1.0101,270711,21319.834
516510.SH,20221227,0.789,0.79,0.792,0.784,0.792,0.003,0.3802,268418,21157.775
516510.SH,20221226,0.781,0.782,0.789,0.78,0.789,0.008,1.0243,355273,27926.91
516510.SH,20221223,0.766,0.76,0.788,0.76,0.781,0.015,1.9582,329350,25674.685
516510.SH,20221222,0.761,0.763,0.776,0.761,0.766,0.005,0.657,312182,24051.03
516510.SH,20221221,0.765,0.766,0.772,0.756,0.761,-0.004,-0.5229,305961,23303.369
516510.SH,20221220,0.786,0.786,0.795,0.761,0.765,-0.021,-2.6718,343884,26495.84
516510.SH,20221219,0.799,0.795,0.806,0.78,0.786,-0.013,-1.627,329408,26027.157
516510.SH,20221216,0.815,0.815,0.815,0.796,0.799,-0.016,-1.9632,322329,25771.72
516510.SH,20221215,0.804,0.809,0.822,0.803,0.815,0.011,1.3682,428845,34937.484
516510.SH,20221214,0.803,0.807,0.816,0.804,0.804,0.001,0.1245,304090,24645.391
516510.SH,20221213,0.824,0.824,0.828,0.802,0.803,-0.021,-2.5485,329510,26748.812
516510.SH,20221212,0.808,0.808,0.827,0.807,0.824,0.016,1.9802,390712,31938.699
516510.SH,20221209,0.809,0.808,0.811,0.8,0.808,-0.001,-0.1236,337914,27236.76
516510.SH,20221208,0.82,0.817,0.823,0.807,0.809,-0.011,-1.3415,319040,25878.218
516510.SH,20221207,0.828,0.828,0.828,0.818,0.82,-0.008,-0.9662,594613,48832.801
516510.SH,20221206,0.833,0.838,0.838,0.825,0.828,-0.005,-0.6002,335030,27820.501
516510.SH,20221205,0.818,0.822,0.836,0.822,0.833,0.015,1.8337,423497,35178.831
516510.SH,20221202,0.817,0.814,0.834,0.811,0.818,0.001,0.1224,379288,31336.755
516510.SH,20221201,0.794,0.805,0.819,0.8,0.817,0.023,2.8967,509971,41274.296
516510.SH,20221130,0.799,0.799,0.799,0.789,0.794,-0.005,-0.6258,292604,23205.276
516510.SH,20221129,0.786,0.789,0.801,0.785,0.799,0.013,1.6539,307677,24357.351
516510.SH,20221128,0.792,0.786,0.794,0.776,0.786,-0.006,-0.7576,384205,30215.431
516510.SH,20221125,0.8,0.796,0.805,0.79,0.792,-0.008,-1,376409,29984.062
516510.SH,20221124,0.812,0.817,0.819,0.8,0.8,-0.012,-1.4778,276522,22331.449
516510.SH,20221123,0.821,0.818,0.825,0.802,0.812,-0.009,-1.0962,373103,30262.297
516510.SH,20221122,0.833,0.83,0.835,0.817,0.821,-0.012,-1.4406,325607,26861.604
516510.SH,20221121,0.84,0.838,0.839,0.817,0.833,-0.007,-0.8333,419928,34588.95
516510.SH,20221118,0.85,0.846,0.867,0.837,0.84,-0.01,-1.1765,430889,36754.063
516510.SH,20221117,0.83,0.85,0.853,0.819,0.85,0.02,2.4096,425852,35307.134
516510.SH,20221116,0.83,0.83,0.84,0.825,0.83,0,0,326989,27169.176
516510.SH,20221115,0.812,0.812,0.836,0.808,0.83,0.018,2.2167,309438,25645.048
516510.SH,20221114,0.804,0.804,0.815,0.801,0.812,0.008,0.995,361867,29188.943
516510.SH,20221111,0.802,0.813,0.826,0.798,0.804,0.002,0.2494,428277,34593.766
516510.SH,20221110,0.802,0.8,0.811,0.797,0.802,0,0,325274,26188.999
516510.SH,20221109,0.813,0.819,0.819,0.795,0.802,-0.011,-1.353,387487,31151.554
516510.SH,20221108,0.806,0.806,0.813,0.788,0.813,0.007,0.8685,417674,33539.381
516510.SH,20221107,0.808,0.807,0.822,0.801,0.806,-0.002,-0.2475,389835,31486.029
516510.SH,20221104,0.793,0.789,0.81,0.785,0.808,0.015,1.8916,389946,31147.084
516510.SH,20221103,0.817,0.827,0.827,0.789,0.793,-0.024,-2.9376,425383,34029.304
516510.SH,20221102,0.815,0.807,0.818,0.802,0.817,0.002,0.2454,408088,33074.814
516510.SH,20221101,0.803,0.8,0.824,0.793,0.815,0.012,1.4944,410972,33169.436
516510.SH,20221031,0.774,0.766,0.811,0.766,0.803,0.029,3.7468,489834,39021.518
516510.SH,20221028,0.784,0.772,0.787,0.764,0.774,-0.01,-1.2755,433059,33751.018
516510.SH,20221027,0.759,0.761,0.798,0.761,0.784,0.025,3.2938,446136,35006.168
516510.SH,20221026,0.722,0.724,0.764,0.722,0.759,0.037,5.1247,441670,33164.275
516510.SH,20221025,0.734,0.729,0.735,0.713,0.722,-0.012,-1.6349,453123,32882.934
516510.SH,20221024,0.735,0.734,0.756,0.729,0.734,-0.001,-0.1361,405538,30106.46
516510.SH,20221021,0.73,0.73,0.74,0.72,0.735,0.005,0.6849,375283,27340.189
516510.SH,20221020,0.72,0.721,0.741,0.715,0.73,0.01,1.3889,451625,32740.788
516510.SH,20221019,0.724,0.724,0.728,0.715,0.72,-0.004,-0.5525,466827,33667.228
516510.SH,20221018,0.729,0.736,0.736,0.72,0.724,-0.005,-0.6859,348835,25250.37
516510.SH,20221017,0.717,0.714,0.736,0.711,0.729,0.012,1.6736,398029,29055.379
516510.SH,20221014,0.7,0.7,0.725,0.7,0.717,0.017,2.4286,406951,28908.268
516510.SH,20221013,0.691,0.705,0.711,0.682,0.7,0.009,1.3025,409960,28678.905
516510.SH,20221012,0.653,0.65,0.692,0.649,0.691,0.038,5.8193,441352,29077.016
516510.SH,20221011,0.657,0.657,0.661,0.65,0.653,-0.004,-0.6088,336783,22009.443
516510.SH,20221010,0.676,0.682,0.682,0.655,0.657,-0.019,-2.8107,331187,22086.641
516510.SH,20220930,0.681,0.681,0.688,0.675,0.676,-0.005,-0.7342,292923,19984.144
516510.SH,20220929,0.684,0.69,0.695,0.679,0.681,-0.003,-0.4386,316849,21770.614
516510.SH,20220928,0.698,0.695,0.696,0.682,0.684,-0.014,-2.0057,335379,23132.185
516510.SH,20220927,0.685,0.681,0.699,0.68,0.698,0.013,1.8978,314721,21666.609
516510.SH,20220926,0.699,0.697,0.697,0.681,0.685,-0.014,-2.0029,323963,22364.26
516510.SH,20220923,0.711,0.71,0.713,0.693,0.699,-0.012,-1.6878,245982,17348.63
516510.SH,20220922,0.709,0.705,0.719,0.702,0.711,0.002,0.2821,310072,22119.883
516510.SH,20220921,0.708,0.708,0.713,0.692,0.709,0.001,0.1412,324921,22827.005
516510.SH,20220920,0.711,0.717,0.717,0.705,0.708,-0.003,-0.4219,307815,21851.57
516510.SH,20220919,0.727,0.727,0.729,0.707,0.711,-0.016,-2.2008,392206,28019.376
516510.SH,20220916,0.728,0.727,0.746,0.727,0.727,-0.001,-0.1374,378252,27894.576
516510.SH,20220915,0.74,0.743,0.747,0.724,0.728,-0.012,-1.6216,338865,25076.797
516510.SH,20220914,0.739,0.732,0.742,0.729,0.74,0.001,0.1353,330734,24354.133
516510.SH,20220913,0.739,0.738,0.75,0.738,0.739,0,0,327326,24289.262
516510.SH,20220909,0.732,0.731,0.74,0.729,0.739,0.007,0.9563,329771,24216.506
516510.SH,20220908,0.739,0.74,0.743,0.73,0.732,-0.007,-0.9472,300415,22070.028
516510.SH,20220907,0.738,0.739,0.742,0.732,0.739,0.001,0.1355,370737,27397.686
516510.SH,20220906,0.737,0.739,0.739,0.731,0.738,0.001,0.1357,341609,25045.495
516510.SH,20220905,0.74,0.734,0.745,0.73,0.737,-0.003,-0.4054,386204,28376.958
516510.SH,20220902,0.736,0.736,0.744,0.734,0.74,0.004,0.5435,352382,26027.616
516510.SH,20220901,0.728,0.728,0.745,0.728,0.736,0.008,1.0989,417017,30838.598
516510.SH,20220831,0.735,0.733,0.738,0.723,0.728,-0.007,-0.9524,410125,29975.194
516510.SH,20220830,0.729,0.731,0.736,0.727,0.735,0.006,0.823,342658,25054.386
516510.SH,20220829,0.736,0.731,0.732,0.722,0.729,-0.007,-0.9511,374166,27259.68
516510.SH,20220826,0.737,0.737,0.746,0.733,0.736,-0.001,-0.1357,328632,24372.758
516510.SH,20220825,0.742,0.743,0.743,0.729,0.737,-0.005,-0.6739,360419,26493.307
516510.SH,20220824,0.77,0.767,0.768,0.737,0.742,-0.028,-3.6364,357501,26980.242
516510.SH,20220823,0.769,0.768,0.773,0.765,0.77,0.001,0.13,344961,26545.777
516510.SH,20220822,0.765,0.786,0.786,0.752,0.769,0.004,0.5229,318111,24435.402
516510.SH,20220819,0.775,0.771,0.784,0.764,0.765,-0.01,-1.2903,488224,37795.487
516510.SH,20220818,0.78,0.78,0.78,0.77,0.775,-0.005,-0.641,360484,27881.696
516510.SH,20220817,0.774,0.77,0.78,0.767,0.78,0.006,0.7752,329978,25474.811
516510.SH,20220816,0.783,0.781,0.784,0.77,0.774,-0.009,-1.1494,368415,28681.67
516510.SH,20220815,0.788,0.788,0.796,0.776,0.783,-0.005,-0.6345,291219,22789.895
516510.SH,20220812,0.8,0.795,0.798,0.788,0.788,-0.012,-1.5,353632,27982.392
516510.SH,20220811,0.784,0.783,0.801,0.783,0.8,0.016,2.0408,416217,33122.441
516510.SH,20220810,0.789,0.783,0.792,0.78,0.784,-0.005,-0.6337,381256,30000.21
516510.SH,20220809,0.797,0.796,0.797,0.782,0.789,-0.008,-1.0038,391297,30748.491
516510.SH,20220808,0.795,0.801,0.801,0.79,0.797,0.002,0.2516,399491,31717.018
516510.SH,20220805,0.752,0.753,0.795,0.753,0.795,0.043,5.7181,545008,42270.346
516510.SH,20220804,0.745,0.745,0.757,0.745,0.752,0.007,0.9396,475134,35627.198
516510.SH,20220803,0.736,0.736,0.761,0.736,0.745,0.009,1.2228,473055,35587.961
516510.SH,20220802,0.763,0.764,0.768,0.725,0.736,-0.027,-3.5387,393968,29038.498
516510.SH,20220801,0.758,0.756,0.765,0.749,0.763,0.005,0.6596,366073,27855.137
516510.SH,20220729,0.771,0.768,0.775,0.757,0.758,-0.013,-1.6861,329620,25197.242
516510.SH,20220728,0.765,0.773,0.784,0.769,0.771,0.006,0.7843,319056,24693.942
516510.SH,20220727,0.763,0.765,0.768,0.76,0.765,0.002,0.2621,294173,22452.08
516510.SH,20220726,0.751,0.75,0.764,0.75,0.763,0.012,1.5979,343455,25963.994
516510.SH,20220725,0.757,0.757,0.76,0.747,0.751,-0.006,-0.7926,333836,25119.486
516510.SH,20220722,0.767,0.761,0.772,0.752,0.757,-0.01,-1.3038,398794,30317.78
516510.SH,20220721,0.771,0.771,0.778,0.766,0.767,-0.004,-0.5188,307903,23813.016
516510.SH,20220720,0.764,0.768,0.773,0.764,0.771,0.007,0.9162,303236,23341.037
516510.SH,20220719,0.742,0.742,0.764,0.742,0.764,0.022,2.965,355659,26902.973
516510.SH,20220718,0.721,0.72,0.742,0.72,0.742,0.021,2.9126,327577,24001.225
516510.SH,20220715,0.733,0.733,0.738,0.721,0.721,-0.012,-1.6371,208328,15230.263
516510.SH,20220714,0.73,0.726,0.739,0.726,0.733,0.003,0.411,292624,21518.274
516510.SH,20220713,0.728,0.733,0.734,0.726,0.73,0.002,0.2747,246970,18015.787
516510.SH,20220712,0.739,0.74,0.74,0.726,0.728,-0.011,-1.4885,270755,19830.098
516510.SH,20220711,0.756,0.757,0.763,0.733,0.739,-0.017,-2.2487,324092,23957.5
516510.SH,20220708,0.756,0.754,0.767,0.751,0.756,0,0,250204,19040.68
516510.SH,20220707,0.757,0.757,0.759,0.749,0.756,-0.001,-0.1321,245336,18530.588
516510.SH,20220706,0.762,0.761,0.767,0.751,0.757,-0.005,-0.6562,316508,24093.947
516510.SH,20220705,0.776,0.775,0.78,0.754,0.762,-0.014,-1.8041,319296,24447.318
516510.SH,20220704,0.772,0.775,0.78,0.767,0.776,0.004,0.5181,307782,23871.514
516510.SH,20220701,0.782,0.781,0.785,0.771,0.772,-0.01,-1.2788,250436,19468.454
516510.SH,20220630,0.784,0.782,0.784,0.773,0.782,-0.002,-0.2551,317256,24722.223
516510.SH,20220629,0.784,0.784,0.797,0.776,0.784,0,0,349089,27504.704
516510.SH,20220628,0.776,0.777,0.786,0.765,0.784,0.008,1.0309,320105,24767.897
516510.SH,20220627,0.776,0.776,0.782,0.773,0.776,0,0,288015,22426.588
516510.SH,20220624,0.767,0.768,0.781,0.768,0.776,0.009,1.1734,336205,26130.755
516510.SH,20220623,0.746,0.749,0.769,0.746,0.767,0.021,2.815,287685,21664.487
516510.SH,20220622,0.769,0.769,0.771,0.745,0.746,-0.023,-2.9909,276125,20944.149
516510.SH,20220621,0.768,0.767,0.772,0.76,0.769,0.001,0.1302,286831,21997.68
516510.SH,20220620,0.759,0.76,0.77,0.76,0.768,0.009,1.1858,303051,23145.109
516510.SH,20220617,0.76,0.76,0.763,0.745,0.759,-0.001,-0.1316,446696,33604.74
516510.SH,20220616,0.758,0.76,0.769,0.759,0.76,0.002,0.2639,306348,23413.782
516510.SH,20220615,0.746,0.744,0.768,0.742,0.758,0.012,1.6086,366091,27625.124
516510.SH,20220614,0.753,0.745,0.75,0.72,0.746,-0.007,-0.9296,387257,28362.49
516510.SH,20220613,0.752,0.738,0.756,0.738,0.753,0.001,0.133,281024,21028.536
516510.SH,20220610,0.743,0.743,0.753,0.738,0.752,0.009,1.2113,266241,19883.725
516510.SH,20220609,0.767,0.766,0.766,0.741,0.743,-0.024,-3.1291,268766,20190.058
516510.SH,20220608,0.759,0.756,0.775,0.756,0.767,0.008,1.054,333134,25521.447
516510.SH,20220607,0.761,0.76,0.763,0.751,0.759,-0.002,-0.2628,343130,25940.933
516510.SH,20220606,0.74,0.741,0.762,0.741,0.761,0.021,2.8378,302573,22788.428
516510.SH,20220602,0.73,0.73,0.742,0.721,0.74,0.01,1.3699,318375,23209.966
516510.SH,20220601,0.733,0.727,0.735,0.723,0.73,-0.003,-0.4093,354398,25851.024
516510.SH,20220531,0.713,0.712,0.735,0.708,0.733,0.02,2.805,388445,27984.926
516510.SH,20220530,0.699,0.698,0.716,0.695,0.713,0.014,2.0029,364747,25823.949
516510.SH,20220527,0.702,0.705,0.71,0.693,0.699,-0.003,-0.4274,322531,22617.585
516510.SH,20220526,0.687,0.687,0.704,0.676,0.702,0.015,2.1834,398829,27681.84
516510.SH,20220525,0.676,0.679,0.689,0.679,0.687,0.011,1.6272,318160,21776.355
516510.SH,20220524,0.712,0.713,0.713,0.675,0.676,-0.036,-5.0562,310176,21574.32
516510.SH,20220523,0.712,0.719,0.719,0.706,0.712,0,0,236088,16740.957
516510.SH,20220520,0.702,0.702,0.715,0.702,0.712,0.01,1.4245,372201,26313.877
516510.SH,20220519,0.706,0.69,0.702,0.688,0.702,-0.004,-0.5666,267981,18691.514
516510.SH,20220518,0.702,0.707,0.719,0.706,0.706,0.004,0.5698,399759,28411.772
516510.SH,20220517,0.699,0.699,0.705,0.691,0.702,0.003,0.4292,296590,20645.804
516510.SH,20220516,0.703,0.703,0.713,0.696,0.699,-0.004,-0.569,260547,18250.828
516510.SH,20220513,0.705,0.705,0.711,0.699,0.703,-0.002,-0.2837,316683,22302.183
516510.SH,20220512,0.702,0.702,0.71,0.699,0.705,0.003,0.4274,348870,24593.162
516510.SH,20220511,0.7,0.7,0.722,0.698,0.702,0.002,0.2857,284518,20310.011
516510.SH,20220510,0.685,0.682,0.701,0.673,0.7,0.015,2.1898,391278,27083.525
516510.SH,20220509,0.692,0.69,0.694,0.683,0.685,-0.007,-1.0116,282068,19391.501
516510.SH,20220506,0.692,0.68,0.71,0.671,0.692,0,0,322281,22400.862
516510.SH,20220505,0.685,0.687,0.698,0.68,0.692,0.007,1.0219,426493,29512.542
516510.SH,20220429,0.644,0.644,0.689,0.644,0.685,0.041,6.3665,379702,25248.775
516510.SH,20220428,0.656,0.643,0.653,0.638,0.644,-0.012,-1.8293,305143,19717.781
516510.SH,20220427,0.624,0.615,0.656,0.612,0.656,0.032,5.1282,319728,20305.014
516510.SH,20220426,0.655,0.654,0.659,0.624,0.624,-0.031,-4.7328,330294,21357.429
516510.SH,20220425,0.697,0.689,0.689,0.654,0.655,-0.042,-6.0258,342662,23147.397
516510.SH,20220422,0.71,0.71,0.71,0.691,0.697,-0.013,-1.831,356017,24912.444
516510.SH,20220421,0.734,0.73,0.733,0.706,0.71,-0.024,-3.2698,308560,22276.069
516510.SH,20220420,0.738,0.742,0.75,0.732,0.734,-0.004,-0.542,310193,23019.586
516510.SH,20220419,0.744,0.74,0.75,0.733,0.738,-0.006,-0.8065,298454,22059.928
516510.SH,20220418,0.737,0.737,0.744,0.723,0.744,0.007,0.9498,345448,25474.635
516510.SH,20220415,0.742,0.738,0.743,0.729,0.737,-0.005,-0.6739,339204,24974.995
516510.SH,20220414,0.736,0.74,0.747,0.738,0.742,0.006,0.8152,314175,23355.948
516510.SH,20220413,0.753,0.741,0.748,0.736,0.736,-0.017,-2.2576,312836,23220.402
516510.SH,20220412,0.737,0.738,0.754,0.73,0.753,0.016,2.171,297113,21917.556
516510.SH,20220411,0.771,0.765,0.765,0.731,0.737,-0.034,-4.4099,339710,25378.894
516510.SH,20220408,0.78,0.781,0.782,0.762,0.771,-0.009,-1.1538,320508,24650.817
516510.SH,20220407,0.804,0.803,0.803,0.779,0.78,-0.024,-2.9851,275207,21712.659
516510.SH,20220406,0.807,0.806,0.812,0.8,0.804,-0.003,-0.3717,290435,23329.558
516510.SH,20220401,0.81,0.805,0.811,0.798,0.807,-0.003,-0.3704,271985.41,21945.875
516510.SH,20220331,0.816,0.817,0.817,0.803,0.81,-0.006,-0.7353,268768,21680.255
516510.SH,20220330,0.798,0.803,0.816,0.802,0.816,0.018,2.2556,266849,21548.909
516510.SH,20220329,0.813,0.813,0.815,0.797,0.798,-0.015,-1.845,311605,25075.317
516510.SH,20220328,0.816,0.813,0.819,0.8,0.813,-0.003,-0.3676,235305,19119.441
516510.SH,20220325,0.833,0.833,0.835,0.816,0.816,-0.017,-2.0408,297691,24566.182
516510.SH,20220324,0.851,0.853,0.854,0.828,0.833,-0.018,-2.1152,286942,23895.713
516510.SH,20220323,0.839,0.837,0.853,0.833,0.851,0.012,1.4303,369890,31253.345
516510.SH,20220322,0.843,0.843,0.847,0.834,0.839,-0.004,-0.4745,267942,22469.891
516510.SH,20220321,0.847,0.847,0.852,0.834,0.843,-0.004,-0.4723,309010,26021.938
516510.SH,20220318,0.849,0.844,0.849,0.838,0.847,-0.002,-0.2356,295036,24908.642
516510.SH,20220317,0.834,0.851,0.862,0.834,0.849,0.015,1.7986,271261,23138.525
516510.SH,20220316,0.804,0.817,0.839,0.794,0.834,0.03,3.7313,372273,30223.833
516510.SH,20220315,0.838,0.835,0.847,0.801,0.804,-0.034,-4.0573,339350,28060.297
516510.SH,20220314,0.868,0.86,0.867,0.837,0.838,-0.03,-3.4562,318065,27182.96
516510.SH,20220311,0.862,0.848,0.871,0.836,0.868,0.006,0.6961,379861,32344.373
516510.SH,20220310,0.858,0.874,0.881,0.862,0.862,0.004,0.4662,286783,25050.979
516510.SH,20220309,0.865,0.866,0.87,0.82,0.858,-0.007,-0.8092,374810,31910.289
516510.SH,20220308,0.877,0.878,0.887,0.859,0.865,-0.012,-1.3683,277209,24262.047
516510.SH,20220307,0.916,0.916,0.916,0.873,0.877,-0.039,-4.2576,376152,33274.277
516510.SH,20220304,0.931,0.92,0.929,0.911,0.916,-0.015,-1.6112,332729,30589.838
516510.SH,20220303,0.946,0.949,0.951,0.929,0.931,-0.015,-1.5856,271016,25397.25
516510.SH,20220302,0.952,0.949,0.949,0.938,0.946,-0.006,-0.6303,273758,25823.82
516510.SH,20220301,0.95,0.95,0.955,0.945,0.952,0.002,0.2105,312470,29715.847
516510.SH,20220228,0.946,0.946,0.952,0.932,0.95,0.004,0.4228,299013,28175.216
516510.SH,20220225,0.942,0.952,0.96,0.944,0.946,0.004,0.4246,354362,33699.73
516510.SH,20220224,0.978,0.966,0.978,0.925,0.942,-0.036,-3.681,508118,48332.822
516510.SH,20220223,0.965,0.967,0.982,0.964,0.978,0.013,1.3472,455450,44314.355
516510.SH,20220222,0.986,0.986,0.986,0.961,0.965,-0.021,-2.1298,584278,56617.599
516510.SH,20220221,0.949,0.962,1.044,0.962,0.986,0.037,3.8988,544431,53369.375
516510.SH,20220218,0.923,0.94,0.951,0.935,0.949,0.026,2.8169,357415,33644.31
516510.SH,20220217,0.93,0.935,0.935,0.919,0.923,-0.007,-0.7527,182285,16860.547
516510.SH,20220216,0.929,0.94,0.942,0.925,0.93,0.001,0.1076,160782,14961.069
516510.SH,20220215,0.917,0.918,0.929,0.916,0.929,0.012,1.3086,150360,13902.46
516510.SH,20220214,0.934,0.926,0.928,0.91,0.917,-0.017,-1.8201,202274,18577.534
516510.SH,20220211,0.955,0.951,0.954,0.93,0.934,-0.021,-2.199,213950,20171.497
516510.SH,20220210,0.971,0.97,0.97,0.95,0.955,-0.016,-1.6478,212441,20305.259
516510.SH,20220209,0.944,0.941,0.971,0.941,0.971,0.027,2.8602,233967,22432.159
516510.SH,20220208,0.946,0.96,0.96,0.926,0.944,-0.002,-0.2114,221116,20700.936
516510.SH,20220207,0.95,0.96,0.97,0.938,0.946,-0.004,-0.4211,182521,17279.023
516510.SH,20220128,0.954,0.954,0.968,0.948,0.95,-0.004,-0.4193,182945,17586.095
516510.SH,20220127,1.003,1.001,1.001,0.953,0.954,-0.049,-4.8853,595310,57476.284
516510.SH,20220126,1.011,1.011,1.019,0.989,1.003,-0.008,-0.7913,260429,26022.901
516510.SH,20220125,1.054,1.05,1.051,1.009,1.011,-0.043,-4.0797,259181,26694.512
516510.SH,20220124,1.05,1.046,1.062,1.042,1.054,0.004,0.381,249030,26262.519
516510.SH,20220121,1.06,1.051,1.066,1.048,1.05,-0.01,-0.9434,312446,33059.104
516510.SH,20220120,1.069,1.068,1.069,1.051,1.06,-0.009,-0.8419,208110,22034.509
516510.SH,20220119,1.065,1.05,1.073,1.05,1.069,0.004,0.3756,228158,24296.762
516510.SH,20220118,1.058,1.078,1.09,1.059,1.065,0.007,0.6616,325389,34957.283
516510.SH,20220117,0.995,1.005,1.06,1.005,1.058,0.063,6.3317,277855,28792.65
516510.SH,20220114,1,0.998,1.006,0.989,0.995,-0.005,-0.5,146181,14609.878
516510.SH,20220113,1.01,1.025,1.028,0.999,1,-0.01,-0.9901,195632,19818.275
516510.SH,20220112,1.006,1.006,1.024,1.002,1.01,0.004,0.3976,106297,10712.78
516510.SH,20220111,1.023,1.023,1.027,1.004,1.006,-0.017,-1.6618,133626,13563.909
516510.SH,20220110,1.008,1.011,1.029,0.995,1.023,0.015,1.4881,154806,15713.722
516510.SH,20220107,1.024,1.024,1.033,1.007,1.008,-0.016,-1.5625,175151,17851.662
516510.SH,20220106,1.041,1.04,1.04,1.019,1.024,-0.017,-1.633,116154,11905.227
516510.SH,20220105,1.049,1.05,1.054,1.037,1.041,-0.008,-0.7626,119522,12502.341
516510.SH,20220104,1.045,1.044,1.053,1.04,1.049,0.004,0.3828,136526,14287.992
516510.SH,20211231,1.043,1.043,1.049,1.039,1.045,0.002,0.1918,63569,6643.752
516510.SH,20211230,1.033,1.032,1.046,1.032,1.043,0.01,0.9681,112862,11769.598
516510.SH,20211229,1.043,1.042,1.042,1.03,1.033,-0.01,-0.9588,91586,9464.495
516510.SH,20211228,1.038,1.038,1.044,1.038,1.043,0.005,0.4817,100833,10505.644
516510.SH,20211227,1.036,1.036,1.04,1.031,1.038,0.002,0.1931,101189,10491.922
516510.SH,20211224,1.041,1.04,1.045,1.035,1.036,-0.005,-0.4803,105675,10969.492
516510.SH,20211223,1.043,1.048,1.05,1.04,1.041,-0.002,-0.1918,114292,11942.53
516510.SH,20211222,1.037,1.041,1.046,1.037,1.043,0.006,0.5786,126722,13207.641
516510.SH,20211221,1.018,1.014,1.038,1.014,1.037,0.019,1.8664,138215,14229.283
516510.SH,20211220,1.036,1.035,1.036,1.018,1.018,-0.018,-1.7375,136699,14057.903
516510.SH,20211217,1.05,1.052,1.052,1.034,1.036,-0.014,-1.3333,136734,14213.655
516510.SH,20211216,1.048,1.051,1.051,1.042,1.05,0.002,0.1908,144495,15117.227
516510.SH,20211215,1.055,1.063,1.064,1.047,1.048,-0.007,-0.6635,163464,17270.421
516510.SH,20211214,1.043,1.044,1.055,1.04,1.055,0.012,1.1505,150351,15798.241
516510.SH,20211213,1.04,1.042,1.048,1.035,1.043,0.003,0.2885,121859,12715.826
516510.SH,20211210,1.044,1.043,1.043,1.032,1.04,-0.004,-0.3831,137768,14271.455
516510.SH,20211209,1.032,1.032,1.053,1.031,1.044,0.012,1.1628,142780,14917.072
516510.SH,20211208,1.008,1.008,1.033,1.008,1.032,0.024,2.381,132373,13557.136
516510.SH,20211207,1.01,1.011,1.015,1,1.008,-0.002,-0.198,134498,13542.632
516510.SH,20211206,1.025,1.031,1.031,1.009,1.01,-0.015,-1.4634,143658,14588.298
516510.SH,20211203,1.026,1.026,1.033,1.023,1.025,-0.001,-0.0975,90086,9243.006
516510.SH,20211202,1.047,1.046,1.046,1.025,1.026,-0.021,-2.0057,152356,15728.963
516510.SH,20211201,1.031,1.031,1.048,1.031,1.047,0.016,1.5519,146527,15289.515
516510.SH,20211130,1.016,1.016,1.037,1.016,1.031,0.015,1.4764,130542,13460.415
516510.SH,20211129,1.026,1.015,1.02,1.012,1.016,-0.01,-0.9747,138017,14020.375
516510.SH,20211126,1.033,1.029,1.03,1.017,1.026,-0.007,-0.6776,120955,12373.752
516510.SH,20211125,1.037,1.035,1.036,1.029,1.033,-0.004,-0.3857,84818,8761.253
516510.SH,20211124,1.036,1.035,1.041,1.031,1.037,0.001,0.0965,110118,11422.868
516510.SH,20211123,1.035,1.035,1.037,1.03,1.036,0.001,0.0966,118597,12248.757
516510.SH,20211122,1.026,1.026,1.04,1.02,1.035,0.009,0.8772,110433,11427.258
516510.SH,20211119,1.022,1.029,1.029,1.012,1.026,0.004,0.3914,110801,11365.401
516510.SH,20211118,1.041,1.045,1.045,1.02,1.022,-0.019,-1.8252,108771,11174.393
516510.SH,20211117,1.03,1.03,1.042,1.029,1.041,0.011,1.068,127549,13213.696
516510.SH,20211116,1.04,1.04,1.047,1.03,1.03,-0.01,-0.9615,215350,22453.893
516510.SH,20211115,1.041,1.045,1.05,1.038,1.04,-0.001,-0.0961,158047,16481.719
516510.SH,20211112,1.033,1.035,1.043,1.032,1.041,0.008,0.7744,110809,11491.972
516510.SH,20211111,1.028,1.029,1.034,1.021,1.033,0.005,0.4864,130234,13351.706
516510.SH,20211110,1.031,1.028,1.033,1.022,1.028,-0.003,-0.291,118992,12230.391
516510.SH,20211109,1.021,1.021,1.033,1.015,1.031,0.01,0.9794,150083,15331.981
516510.SH,20211108,1.03,1.027,1.027,1.018,1.021,-0.009,-0.8738,53610,5466.804
516510.SH,20211105,1.024,1.023,1.036,1.022,1.03,0.006,0.5859,110151,11367.94
516510.SH,20211104,1.018,1.018,1.025,1.015,1.024,0.006,0.5894,78034,7949.428
516510.SH,20211103,1.012,1.019,1.023,1.014,1.018,0.006,0.5929,95667,9747.27
516510.SH,20211102,1.022,1.02,1.029,1.006,1.012,-0.01,-0.9785,94438,9677.744
516510.SH,20211101,1.016,1.015,1.024,1.009,1.022,0.006,0.5906,86144,8744.804
516510.SH,20211029,0.994,0.997,1.017,0.994,1.016,0.022,2.2133,75136,7602.931
516510.SH,20211028,1.005,1.002,1.008,0.994,0.994,-0.011,-1.0945,124572,12437.165
516510.SH,20211027,1.013,1.011,1.018,0.999,1.005,-0.008,-0.7897,123380,12405.338
516510.SH,20211026,1.02,1.019,1.02,1.01,1.013,-0.007,-0.6863,94609,9590.824
516510.SH,20211025,1.02,1.02,1.02,1.006,1.02,0,0,82638,8356.652
516510.SH,20211022,1.021,1.021,1.027,1.018,1.02,-0.001,-0.0979,196015,20029.215
516510.SH,20211021,1.031,1.034,1.034,1.018,1.021,-0.01,-0.9699,143908,14722.503
516510.SH,20211020,1.032,1.038,1.046,1.029,1.031,-0.001,-0.0969,65462,6793.754
516510.SH,20211019,1.023,1.022,1.034,1.018,1.032,0.009,0.8798,107817,11109.187
516510.SH,20211018,1.037,1.037,1.037,1.019,1.023,-0.014,-1.35,77039,7886.772
516510.SH,20211015,1.022,1.023,1.043,1.023,1.037,0.015,1.4677,106253,10994.784
516510.SH,20211014,1.023,1.025,1.027,1.018,1.022,-0.001,-0.0978,88304,9018.839
516510.SH,20211013,1.012,1.008,1.023,1.008,1.023,0.011,1.087,110034,11162.872
516510.SH,20211012,1.029,1.03,1.03,1.008,1.012,-0.017,-1.6521,96692,9862.302
516510.SH,20211011,1.034,1.024,1.036,1.024,1.029,-0.005,-0.4836,100672,10366.468
516510.SH,20211008,1.019,1.018,1.039,1.018,1.034,0.015,1.472,90324,9328.433
516510.SH,20210930,0.995,1.001,1.02,1.001,1.019,0.024,2.4121,103298,10442.214
516510.SH,20210929,1.018,1.017,1.017,0.99,0.995,-0.023,-2.2593,151263,15081.621
516510.SH,20210928,1.024,1.024,1.024,1.009,1.018,-0.006,-0.5859,117075,11915.339
516510.SH,20210927,1.021,1.021,1.038,1.016,1.024,0.003,0.2938,94973,9763.814
516510.SH,20210924,1.016,1.023,1.03,1.016,1.021,0.005,0.4921,115160,11800.931
516510.SH,20210923,0.995,0.994,1.019,0.994,1.016,0.021,2.1106,150751,15254.807
516510.SH,20210922,1.001,1.001,1.001,0.987,0.995,-0.006,-0.5994,174620,17325.931
516510.SH,20210917,1.002,1.001,1.002,0.986,1.001,-0.001,-0.0998,145509,14488.393
516510.SH,20210916,1.013,1.018,1.018,0.996,1.002,-0.011,-1.0859,86301,8643.16
516510.SH,20210915,1.017,1.018,1.018,1.006,1.013,-0.004,-0.3933,60205,6088.661
516510.SH,20210914,1.017,1.018,1.035,1.015,1.017,0,0,67480,6933.125
516510.SH,20210913,1.028,1.028,1.028,1.014,1.017,-0.011,-1.07,68920,7012.605
516510.SH,20210910,1.027,1.027,1.035,1.023,1.028,0.001,0.0974,142660,14657.408
516510.SH,20210909,1.039,1.039,1.039,1.022,1.027,-0.012,-1.155,129194,13322.924
516510.SH,20210908,1.036,1.05,1.053,1.034,1.039,0.003,0.2896,109192,11334.93
516510.SH,20210907,1.035,1.033,1.039,1.029,1.036,0.001,0.0966,141858,14666.659
516510.SH,20210906,1.017,1.022,1.035,1.008,1.035,0.018,1.7699,155589,15854.403
516510.SH,20210903,1.003,1.003,1.019,1.003,1.017,0.014,1.3958,267662.02,27164.143
516510.SH,20210902,1.009,1.011,1.011,0.998,1.003,-0.006,-0.5946,178819,17960.671
516510.SH,20210901,1.005,1.004,1.011,0.991,1.009,0.004,0.398,152755,15244.214
516510.SH,20210831,1.023,1.006,1.019,0.999,1.005,-0.018,-1.7595,187765.99,18874.582
516510.SH,20210830,1.027,1.054,1.071,1.017,1.023,-0.004,-0.3895,213518,22085.596
516510.SH,20210827,1.034,1.03,1.03,1.021,1.027,-0.007,-0.677,149364,15305.887
516510.SH,20210826,1.06,1.055,1.055,1.031,1.034,-0.026,-2.4528,123804,12918.282
516510.SH,20210825,1.076,1.076,1.076,1.054,1.06,-0.016,-1.487,104645,11122.479
516510.SH,20210824,1.076,1.076,1.083,1.07,1.076,0,0,101809,10944.538
516510.SH,20210823,1.053,1.046,1.078,1.046,1.076,0.023,2.1842,91433,9781.378
516510.SH,20210820,1.057,1.057,1.066,1.041,1.053,-0.004,-0.3784,85564,9033.656
516510.SH,20210819,1.046,1.061,1.062,1.046,1.057,0.011,1.0516,96477,10190.447
516510.SH,20210818,1.041,1.043,1.049,1.03,1.046,0.005,0.4803,115171,11990.344
516510.SH,20210817,1.076,1.079,1.079,1.041,1.041,-0.035,-3.2528,128018,13561.624
516510.SH,20210816,1.082,1.082,1.082,1.068,1.076,-0.006,-0.5545,85722,9216.409
516510.SH,20210813,1.106,1.1,1.105,1.076,1.082,-0.024,-2.17,86316,9364.426
516510.SH,20210812,1.108,1.118,1.126,1.105,1.106,-0.002,-0.1805,88021,9795.6
516510.SH,20210811,1.123,1.123,1.124,1.105,1.108,-0.015,-1.3357,98305,10950.726
516510.SH,20210810,1.122,1.128,1.128,1.112,1.123,0.001,0.0891,67406,7557.481
516510.SH,20210809,1.104,1.104,1.122,1.054,1.122,0.018,1.6304,63454,7071.146
516510.SH,20210806,1.099,1.1,1.108,1.087,1.104,0.005,0.455,54221,5925.112
516510.SH,20210805,1.118,1.118,1.122,1.092,1.099,-0.019,-1.6995,100810,11121.366
516510.SH,20210804,1.116,1.117,1.127,1.105,1.118,0.002,0.1792,57662,6429.302
516510.SH,20210803,1.108,1.109,1.13,1.1,1.116,0.008,0.722,86986,9746.334
516510.SH,20210802,1.076,1.076,1.11,1.074,1.108,0.032,2.974,85595,9372.529
516510.SH,20210730,1.062,1.066,1.076,1.053,1.076,0.014,1.3183,97095,10359.82
516510.SH,20210729,1.046,1.069,1.08,1.059,1.062,0.016,1.5296,39348,4184.289
516510.SH,20210728,1.061,1.072,1.086,1.029,1.046,-0.015,-1.4138,93141,9724.521
516510.SH,20210727,1.068,1.077,1.096,1.058,1.061,-0.007,-0.6554,86060,9294.114
516510.SH,20210726,1.1,1.098,1.098,1.048,1.068,-0.032,-2.9091,93872,10022.172
516510.SH,20210723,1.116,1.119,1.127,1.093,1.1,-0.016,-1.4337,171113,18787.255
516510.SH,20210722,1.106,1.105,1.117,1.103,1.116,0.01,0.9042,99484,11069.059
516510.SH,20210721,1.096,1.1,1.111,1.09,1.106,0.01,0.9124,69083,7642.147
516510.SH,20210720,1.111,1.112,1.112,1.085,1.096,-0.015,-1.3501,48718,5323.657
516510.SH,20210719,1.097,1.09,1.112,1.082,1.111,0.014,1.2762,48822,5368.113
516510.SH,20210716,1.1,1.101,1.114,1.096,1.097,-0.003,-0.2727,58626,6476.311
516510.SH,20210715,1.097,1.09,1.108,1.09,1.1,0.003,0.2735,145106,15953.546
516510.SH,20210714,1.11,1.101,1.117,1.096,1.097,-0.013,-1.1712,129013,14285.803
516510.SH,20210713,1.102,1.136,1.139,1.09,1.11,0.008,0.726,256211,28532.19
516510.SH,20210712,1.039,1.039,1.102,1.031,1.102,0.063,6.0635,207123,22463.397
516510.SH,20210709,1.041,1.045,1.048,1.028,1.039,-0.002,-0.1921,13713,1417.934
516510.SH,20210708,1.041,1.035,1.047,1.035,1.041,0,0,19401,2021.722
516510.SH,20210707,1.032,1.012,1.041,1.012,1.041,0.009,0.8721,35860,3697.254
516510.SH,20210706,1.031,1.039,1.042,1.025,1.032,0.001,0.097,15233,1576.424
516510.SH,20210705,1.027,1.026,1.05,1.025,1.031,0.004,0.3895,57861,5960.068
516510.SH,20210702,1.047,1.048,1.051,1.025,1.027,-0.02,-1.9102,30449,3142.635
516510.SH,20210701,1.057,1.056,1.064,1.047,1.047,-0.01,-0.9461,41296,4361.084
516510.SH,20210630,1.048,1.048,1.057,1.048,1.057,0.009,0.8588,47406,4996.468
516510.SH,20210629,1.044,1.043,1.063,1.043,1.048,0.004,0.3831,39832,4195.491
516510.SH,20210628,1.036,1.039,1.048,1.035,1.044,0.008,0.7722,30246,3153.534
516510.SH,20210625,1.035,1.043,1.043,1.031,1.036,0.001,0.0966,36666,3798.713
516510.SH,20210624,1.052,1.056,1.056,1.032,1.035,-0.017,-1.616,31070,3225.137
516510.SH,20210623,1.049,1.057,1.057,1.037,1.052,0.003,0.286,63911,6710.076
516510.SH,20210622,1.048,1.048,1.06,1.045,1.049,0.001,0.0954,64639,6790.749
516510.SH,20210621,1.048,1.048,1.054,1.042,1.048,0,0,75696,7947.703
516510.SH,20210618,1.058,1.058,1.072,1.045,1.048,-0.01,-0.9452,40886,4299.299
516510.SH,20210617,1.033,1.035,1.06,1.034,1.058,0.025,2.4201,54984,5773.896
516510.SH,20210616,1.058,1.05,1.065,1.033,1.033,-0.025,-2.3629,112540,11708.421
516510.SH,20210615,1.066,1.061,1.069,1.054,1.058,-0.008,-0.7505,36356,3852.675
516510.SH,20210611,1.064,1.059,1.1,1.059,1.066,0.002,0.188,169386,18143.705
516510.SH,20210610,1.038,1.038,1.069,0.939,1.064,0.026,2.5048,238274,25265.117
516510.SH,20210609,1.03,1.03,1.04,1.024,1.038,0.008,0.7767,61946,6388.603
516510.SH,20210608,1.028,1.03,1.042,1.024,1.03,0.002,0.1946,127810,13196.982
516510.SH,20210607,1.007,1.003,1.03,1.003,1.028,0.021,2.0854,47954,4905.998
516510.SH,20210604,1.005,1,1.012,1,1.007,0.002,0.199,49124,4954.698
516510.SH,20210603,1.006,1.002,1.023,1.002,1.005,-0.001,-0.0994,40167,4072.389
516510.SH,20210602,1.027,1.027,1.03,1.004,1.006,-0.021,-2.0448,123357,12459.196
516510.SH,20210601,1.026,1.024,1.035,1.024,1.027,0.001,0.0975,65686,6764.158
516510.SH,20210531,1.019,1.019,1.032,1.019,1.026,0.007,0.6869,81376,8365.388
516510.SH,20210528,1.02,1.02,1.026,1.016,1.019,-0.001,-0.098,70569,7204.744
516510.SH,20210527,1.015,1.004,1.029,1.004,1.02,0.005,0.4926,107984,11045.167
516510.SH,20210526,1.011,1.02,1.036,1.014,1.015,0.004,0.3956,158970,16307.83
516510.SH,20210525,0.99,0.99,1.023,0.99,1.011,0.021,2.1212,465889,47241.075
516510.SH,20210524,0.964,0.96,0.994,0.96,0.99,0.026,2.6971,58604,5782.116
516510.SH,20210521,0.976,0.975,0.98,0.963,0.964,-0.012,-1.2295,15954,1544.653
516510.SH,20210520,0.969,0.968,0.979,0.968,0.976,0.007,0.7224,48379,4715.608
516510.SH,20210519,0.975,0.975,0.975,0.966,0.969,-0.006,-0.6154,9310,902.367
516510.SH,20210518,0.97,0.97,0.977,0.962,0.975,0.005,0.5155,57520.99,5574.426
516510.SH,20210517,0.95,0.95,0.98,0.95,0.97,0.02,2.1053,108842,10566.134
516510.SH,20210514,0.931,0.929,0.951,0.929,0.95,0.019,2.0408,78992,7474.206
516510.SH,20210513,0.936,0.936,0.94,0.93,0.931,-0.005,-0.5342,40164,3755.987
516510.SH,20210512,0.932,0.932,0.939,0.926,0.936,0.004,0.4292,65099,6078.058
516510.SH,20210511,0.92,0.918,0.933,0.915,0.932,0.012,1.3043,71113,6574.95
516510.SH,20210510,0.931,0.928,0.931,0.917,0.92,-0.011,-1.1815,60619,5578.099
516510.SH,20210507,0.947,0.947,0.947,0.928,0.931,-0.016,-1.6895,83794,7860.305
516510.SH,20210506,0.961,0.961,0.961,0.942,0.947,-0.014,-1.4568,45605,4321.929
516510.SH,20210430,0.975,0.975,0.975,0.954,0.961,-0.014,-1.4359,59571,5732.994
516510.SH,20210429,0.975,0.975,0.98,0.971,0.975,0,0,23469,2284.43
516510.SH,20210428,0.977,0.975,0.976,0.967,0.975,-0.002,-0.2047,30726,2987.478
516510.SH,20210427,0.98,0.98,0.982,0.971,0.977,-0.003,-0.3061,39537,3863.812
516510.SH,20210426,0.99,0.99,1,0.978,0.98,-0.01,-1.0101,39177,3875.338
516510.SH,20210423,1,1,1,0.99,0.99,-0.01,-1,44851,4452.604
516510.SH,20210422,0.996,0.996,1.001,0.993,1,0.004,0.4016,47647,4750.44
516510.SH,20210421,1.002,1.001,1.001,0.992,0.996,-0.006,-0.5988,25447,2531.709
516510.SH,20210420,1.004,1.003,1.008,0.999,1.002,-0.002,-0.1992,92358,9273.628
516510.SH,20210419,0.982,0.981,1.005,0.979,1.004,0.022,2.2403,212820,21303.178
516510.SH,20210416,0.977,0.971,0.984,0.971,0.982,0.005,0.5118,67737,6634.161
516510.SH,20210415,0.976,0.97,0.98,0.97,0.977,0.001,0.1025,54565,5322.473
516510.SH,20210414,0.961,0.962,0.979,0.959,0.976,0.015,1.5609,71193,6917.409
516510.SH,20210413,0.964,0.963,0.974,0.937,0.961,-0.003,-0.3112,128715,12481.864
516510.SH,20210412,0.979,0.981,0.985,0.961,0.964,-0.015,-1.5322,162534,15806.58
516510.SH,20210409,0.99,0.989,0.989,0.978,0.979,-0.011,-1.1111,162645,15952.027
516510.SH,20210408,0.991,0.99,0.996,0.984,0.99,-0.001,-0.1009,132558,13148.976
516510.SH,20210407,1.003,1.002,1.003,0.984,0.991,-0.012,-1.1964,366575,36287.042